<?xml version="1.0" encoding="UTF-8"?>
<project-private xmlns="http://www.netbeans.org/ns/project-private/1">
    <editor-bookmarks xmlns="http://www.netbeans.org/ns/editor-bookmarks/2" lastBookmarkId="0"/>
    <open-files xmlns="http://www.netbeans.org/ns/projectui-open-files/2">
        <group>
            <file>file:/C:/Users/kayle/Documents/SXU%20Classes/Spring%202022%20Semester/CMPSC%20390/Dev%20Project/Code%20Files/testApp%204/FindMyTutor/src/FindMyTutor/TutorClassScreen2.java</file>
            <file>file:/C:/Users/kayle/Documents/SXU%20Classes/Spring%202022%20Semester/CMPSC%20390/Dev%20Project/Code%20Files/testApp%204/FindMyTutor/src/FindMyTutor/Tutor.java</file>
            <file>file:/C:/Users/kayle/Documents/SXU%20Classes/Spring%202022%20Semester/CMPSC%20390/Dev%20Project/Code%20Files/testApp%204/FindMyTutor/src/FindMyTutor/FindMyTutor.java</file>
            <file>file:/C:/Users/kayle/Documents/SXU%20Classes/Spring%202022%20Semester/CMPSC%20390/Dev%20Project/Code%20Files/testApp%204/FindMyTutor/src/FindMyTutor/CourseScreen.java</file>
        </group>
    </open-files>
</project-private>
